,spy_ret
2009-12-23,0.0
2010-04-01,0.1178849999999998
2010-07-01,-0.10094866645495715
2010-10-01,0.10938115649588687
2010-12-23,0.0
2011-04-01,0.146480437106715
2011-07-01,0.001692887915017538
2011-09-30,-0.10538614068614804
2011-12-22,0.0
2012-03-30,0.10176942866546046
2012-06-29,0.09721263714365613
2012-10-01,0.027142217536359592
2012-12-24,0.0
2013-04-01,0.06985332889003226
2013-07-01,0.02062267574322041
2013-10-01,0.03358369202339828
2013-12-31,0.06320206520547389
2014-04-01,0.010886964469860372
2014-06-30,0.02977625353489044
2014-09-30,0.0069579450141104005
2014-12-24,0.0
2015-04-01,0.03430953876836518
2015-07-01,0.0017920284995218694
2015-10-01,-0.032784656690040714
2015-12-24,0.0
2016-04-01,0.04906749122539833
2016-07-01,0.014157852344711674
2016-09-30,0.020075855868607162
2016-12-23,0.0
2017-03-31,0.05026566645818997
2017-06-30,0.015134040655271574
2017-09-29,0.0
2017-12-27,0.021127446254699755
2018-03-29,0.03188633474491254
2018-06-29,-0.00316013870209253
2018-10-01,0.051035486665883756
2018-12-24,0.0
2019-04-01,-0.003973309836954986
2019-07-01,0.018912563749845512
2019-10-01,0.006713346885654614
2019-12-31,0.03923623323613623
2020-04-01,-0.07352845021608012
2020-07-01,0.0869638165647777
2020-10-01,0.036815482789753995
2020-12-30,0.0
2021-04-01,0.07180140975818583
2021-07-01,0.030091624585404153
2021-10-01,0.0025977352400519127
2021-12-30,0.0
2022-04-01,0.023417599688025925
2022-07-01,-0.05754251630910112
2022-09-30,-0.016519489832883316
2022-12-29,0.0
2023-03-31,0.058553265039194446
2023-06-30,0.030114938374363964
2023-09-29,0.0
2023-12-27,-0.010762582345553051
2024-03-28,0.039822019520686425
2024-07-01,0.047514632105625454
