,spy_nav
2009-09-30,1.0
2009-12-23,1.0
2010-04-01,1.1178849999999998
2010-07-01,1.005036
2010-10-01,1.1149680000000002
2010-12-23,1.1149680000000002
2011-04-01,1.278289
2011-07-01,1.2804529999999998
2011-09-30,1.1455109999999995
2011-12-22,1.1455109999999995
2012-03-30,1.2620889999999998
2012-06-29,1.3847799999999997
2012-10-01,1.4223659999999998
2012-12-24,1.4223659999999998
2013-04-01,1.5217229999999993
2013-07-01,1.553105
2013-10-01,1.605264
2013-12-31,1.70672
2014-04-01,1.7253010000000002
2014-06-30,1.776674
2014-09-30,1.7890359999999998
2014-12-24,1.7890359999999998
2015-04-01,1.8504170000000006
2015-07-01,1.8537330000000005
2015-10-01,1.7929590000000013
2015-12-24,1.7929590000000013
2016-04-01,1.8809350000000005
2016-07-01,1.9075650000000008
2016-09-30,1.9458610000000003
2016-12-23,1.9458610000000003
2017-03-31,2.0436710000000002
2017-06-30,2.0745999999999998
2017-09-29,2.0745999999999998
2017-12-27,2.1184309999999997
2018-03-29,2.1859799999999994
2018-06-29,2.1790719999999992
2018-10-01,2.290282
2018-12-24,2.290282
2019-04-01,2.281181999999999
2019-07-01,2.324324999999999
2019-10-01,2.3399289999999984
2019-12-31,2.431738999999997
2020-04-01,2.252936999999997
2020-07-01,2.4488609999999973
2020-10-01,2.539016999999997
2020-12-30,2.539016999999997
2021-04-01,2.7213219999999967
2021-07-01,2.803210999999998
2021-10-01,2.810492999999999
2021-12-30,2.810492999999999
2022-04-01,2.876307999999998
2022-07-01,2.710798
2022-09-30,2.6660169999999996
2022-12-29,2.6660169999999996
2023-03-31,2.822120999999998
2023-06-30,2.907108999999996
2023-09-29,2.907108999999996
2023-12-27,2.875820999999998
2024-03-28,2.990341999999998
2024-07-01,3.132426999999998
