,strategy_ret
2009-09-30,0.1052838557599225
2009-12-23,0.0673159573406944
2010-04-01,0.10937304547447488
2010-07-01,-0.03711194175331443
2010-10-01,0.11593963507199179
2010-12-23,0.11923425257261845
2011-04-01,0.04205704458319846
2011-07-01,-0.0914575808787957
2011-09-30,0.003630989414132977
2011-12-22,0.11533751973832623
2012-03-30,-0.0026508523564887348
2012-06-29,-0.009562183688123638
2012-10-01,0.057089485604989984
2012-12-24,0.12215170919886369
2013-04-01,0.0474299302950704
2013-07-01,0.08807032292327956
2013-10-01,0.05972644933995317
2013-12-31,0.06443606758050584
2014-04-01,-0.016183735272608774
2014-06-30,0.05232558343493172
2014-09-30,-0.013630710795125017
2014-12-24,0.06157152980974605
2015-04-01,0.03997475888804305
2015-07-01,0.007284466105162679
2015-10-01,-0.026146440921790946
2015-12-24,-0.0592578374161209
2016-04-01,-0.024506788517775734
2016-07-01,-0.04009268505415228
2016-09-30,-0.005214541940418278
2016-12-23,0.09742166715976343
2017-03-31,0.012440300048947691
2017-06-30,0.019850048372911103
2017-09-29,0.052566285099341886
2017-12-27,0.05588527465967917
2018-03-29,0.025087032061614407
2018-06-29,0.06761812259422613
2018-10-01,-0.06366407057772787
2018-12-24,0.06378888797613695
2019-04-01,0.01562098131757569
2019-07-01,0.03199734698574776
2019-10-01,-0.0052450878087915796
2019-12-31,0.03057717961395838
2020-04-01,0.026179884113571663
2020-07-01,-0.03380470948205436
2020-10-01,-0.0057072827782183025
2020-12-30,0.014248917903372073
2021-04-01,-0.05934945633338083
2021-07-01,0.010589567729843591
2021-10-01,0.02453363255184004
2021-12-30,0.01823636438210339
2022-04-01,0.004048155067290914
2022-07-01,-0.0451226431873076
2022-09-30,0.03662300278587729
2022-12-29,-0.06022717540790591
2023-03-31,0.01582277668770222
2023-06-30,0.0059465966091226405
2023-09-29,0.06986595492519841
2023-12-27,-0.09314810997246568
2024-03-28,2.045778985379417e-05
2024-07-01,-0.03009920167446783
