,strategy_nav,spy_nav
2009-09-30,1.1052838557599225,1.0
2009-12-23,1.1796870966436157,1.0
2010-04-01,1.308713067110469,1.1178849999999998
2010-07-01,1.2601441839920637,1.005036
2010-10-01,1.4062448408221966,1.1149680000000002
2010-12-23,1.573917393351732,1.1149680000000002
2011-04-01,1.6401117073341973,1.278289
2011-07-01,1.4901110582104202,1.2804529999999998
2011-09-30,1.4955216356886647,1.1455109999999995
2011-12-22,1.6680113918639998,1.1455109999999995
2012-03-30,1.663589739935227,1.2620889999999998
2012-06-29,1.6476821892602886,1.3847799999999997
2012-10-01,1.7417475178856623,1.4223659999999998
2012-12-24,1.9545049541882744,1.4223659999999998
2013-04-01,2.0472069879267942,1.5217229999999993
2013-07-01,2.2275051684443015,1.553105
2013-10-01,2.360546143041874,1.605264
2013-12-31,2.5126504538418226,1.70672
2014-04-01,2.4719863840642464,1.7253010000000002
2014-06-30,2.6013345138536152,1.776674
2014-09-30,2.5658764754138996,1.7890359999999998
2014-12-24,3.2683105963593633,1.7890359999999998
2015-04-01,3.398960524420065,1.8504170000000006
2015-07-01,3.4237201371529893,1.8537330000000005
2015-10-01,3.3342020408541724,1.7929590000000013
2015-12-24,3.1366244384047373,1.7929590000000013
2016-04-01,3.059755846633065,1.8809350000000005
2016-07-01,2.937082019131404,1.9075650000000008
2016-09-30,2.3144861702204014,1.9458610000000003
2016-12-23,3.250559690716202,1.9458610000000003
2017-03-31,3.290997628595726,2.0436710000000002
2017-06-30,3.3563240907184873,2.0745999999999998
2017-09-29,2.8521899896104643,2.0745999999999998
2017-12-27,3.0115854105614326,2.1184309999999997
2018-03-29,3.0871371503124774,2.1859799999999994
2018-06-29,3.295883568607496,2.1790719999999992
2018-10-01,3.75457070956711,2.290282
2018-12-24,3.2866060425557384,2.290282
2019-04-01,4.040524134106446,2.281181999999999
2019-07-01,4.169810186829738,2.324324999999999
2019-10-01,3.3884730271455816,2.3399289999999984
2019-12-31,3.4920829755136658,2.431738999999997
2020-04-01,3.58350530312759,2.252936999999997
2020-07-01,3.4623659474279607,2.4488609999999973
2020-10-01,3.4426052458843155,2.539016999999997
2020-12-30,3.491658645406639,2.539016999999997
2021-04-01,3.284430603100006,2.7213219999999967
2021-07-01,3.3192113034255044,2.803210999999998
2021-10-01,3.4006436139056593,2.810492999999999
2021-12-30,3.4626589899825153,2.810492999999999
2022-04-01,3.476676370519113,2.876307999999998
2022-07-01,3.3197995431744354,2.710798
2022-09-30,3.441380571092667,2.6660169999999996
2022-12-29,3.2341159397921095,2.6660169999999996
2023-03-31,3.285288634089578,2.822120999999998
2023-06-30,3.3048249203410442,2.907108999999996
2023-09-29,3.5357196692612636,2.907108999999996
2023-12-27,3.2063740646771053,2.875820999999998
2024-03-28,3.206439660003913,2.990341999999998
2024-07-01,3.109928386020443,3.132426999999998
